{"cameraMode":{"drawMode":0,"name":"Shaded","section":"Shading Mode"},"sceneLighting":true,"audioPlay":false,"sceneViewState":{"showFog":true,"showMaterialUpdate":false,"showSkybox":true,"showFlares":true,"showImageEffects":true,"showParticleSystems":true},"in2DMode":false,"pivot":{"x":12.532499313354493,"y":2.538827896118164,"z":0.0},"rotation":{"x":0.02126184105873108,"y":0.0659327358007431,"z":-0.0014052694896236063,"w":0.9975965619087219},"size":23.270313262939454,"orthographic":false}